Model,MAE,RMSE,R2 Score
Random Forest,20.830868723538565,40.418785338816,0.9107816984179493
XGBoost,20.581871999053647,44.72517373551085,0.8907575307775044
